href,latitude,longitude,suburb
/wiki/Landsat_7,,,Landsat 7
/wiki/False-color,,,false-color
/wiki/Royal_National_Park,,,Royal National Park
/wiki/Ku-ring-gai_Chase_National_Park,,,Ku-ring-gai Chase National Park
/wiki/Blue_Mountains_National_Park,33°37′S,150°28′E,Blue Mountains National Park
/wiki/Suburbs_and_localities_(Australia),,,suburbs and localities
/wiki/Sydney,33°51′54″S,151°12′34″E,Sydney
/wiki/City_of_Penrith,33°45′S,150°42′E,City of Penrith
/wiki/Camden_Council_(New_South_Wales),34°03′S,150°42′E,Camden Council
/wiki/City_of_Campbelltown_(New_South_Wales),34°04′S,150°49′E,City of Campbelltown
/wiki/Sutherland_Shire,34°02′S,151°03′E,Sutherland Shire
"/wiki/Bankstown,_New_South_Wales",33°55′05″S,151°02′06″E,Bankstown
"/wiki/Bondi_Beach,_New_South_Wales",33°53′28″S,151°16′41″E,Bondi Beach
"/wiki/Chatswood,_New_South_Wales",33°48′03″S,151°10′47″E,Chatswood
"/wiki/Cronulla,_New_South_Wales",34°03′27″S,151°09′08″E,Cronulla
"/wiki/Liverpool,_New_South_Wales",33°55′15″S,150°55′23″E,Liverpool
"/wiki/Manly,_New_South_Wales",33°47′46″S,151°16′58″E,Manly
"/wiki/Milsons_Point,_New_South_Wales",33°50′52″S,151°12′43″E,Milsons Point
"/wiki/Mosman,_New_South_Wales",33°49′45″S,151°14′39″E,Mosman
"/wiki/Newtown,_New_South_Wales",33°53′49″S,151°10′45″E,Newtown
"/wiki/Parramatta,_New_South_Wales",33°48′54″S,151°00′4″E,Parramatta
"/wiki/The_Rocks,_New_South_Wales",33°51′35″S,151°12′32″E,The Rocks
"/wiki/Abbotsbury,_New_South_Wales",33°52′30″S,150°51′43″E,Abbotsbury
"/wiki/Abbotsford,_New_South_Wales",33°51′08″S,151°07′38″E,Abbotsford
"/wiki/Acacia_Gardens,_New_South_Wales",33°43′56″S,150°55′01″E,Acacia Gardens
"/wiki/Agnes_Banks,_New_South_Wales",33°36′55″S,150°42′58″E,Agnes Banks
"/wiki/Airds,_New_South_Wales",34°05′30″S,150°49′30″E,Airds
"/wiki/Alexandria,_New_South_Wales",33°54′06″S,151°12′00″E,Alexandria
"/wiki/Alfords_Point,_New_South_Wales",33°59′05″S,151°01′17″E,Alfords Point
"/wiki/Allambie_Heights,_New_South_Wales",,,Allambie Heights
"/wiki/Allawah,_New_South_Wales",33°58′30″S,151°07′00″E,Allawah
"/wiki/Ambarvale,_New_South_Wales",34°05′00″S,150°48′02″E,Ambarvale
"/wiki/Angus,_New_South_Wales",33°40′32″S,150°50′03″E,Angus
"/wiki/Annandale,_New_South_Wales",33°52′53″S,151°10′15″E,Annandale
"/wiki/Annangrove,_New_South_Wales",33°39′09″S,150°56′27″E,Annangrove
"/wiki/Arcadia,_New_South_Wales",33°37′27″S,151°02′40″E,Arcadia
"/wiki/Arncliffe,_New_South_Wales",33°56′00″S,151°09′00″E,Arncliffe
"/wiki/Arndell_Park,_New_South_Wales",33°47′24″S,150°52′33.6″E,Arndell Park
"/wiki/Artarmon,_New_South_Wales",33°48′32″S,151°10′59″E,Artarmon
"/wiki/Ashbury,_New_South_Wales",33°54′11″S,151°06′59″E,Ashbury
"/wiki/Ashcroft,_New_South_Wales",33°55′18″S,150°53′43″E,Ashcroft
"/wiki/Ashfield,_New_South_Wales",33°53′20″S,151°07′30″E,Ashfield
"/wiki/Asquith,_New_South_Wales",33°41′20″S,151°06′18″E,Asquith
"/wiki/Auburn,_New_South_Wales",33°51′56″S,151°01′25″E,Auburn
"/wiki/Austral,_New_South_Wales",33°55′52″S,150°47′37″E,Austral
"/wiki/Avalon_Beach,_New_South_Wales",33°38′01″S,151°19′57″E,Avalon Beach
"/wiki/Badgerys_Creek,_New_South_Wales",33°52′47″S,150°45′08″E,Badgerys Creek
"/wiki/Balgowlah,_New_South_Wales",33°47′47″S,151°15′31″E,Balgowlah
"/wiki/Balgowlah_Heights,_New_South_Wales",33°48′23″S,151°15′24″E,Balgowlah Heights
"/wiki/Balmain,_New_South_Wales",33°51′32″S,151°10′45″E,Balmain
"/wiki/Balmain_East,_New_South_Wales",33°51′29″S,151°11′25″E,Balmain East
"/wiki/Bangor,_New_South_Wales",34°01′09″S,151°01′38″E,Bangor
"/wiki/Banksia,_New_South_Wales",33°56′52″S,151°08′53″E,Banksia
"/wiki/Banksmeadow,_New_South_Wales",33°57′26″S,151°12′25″E,Banksmeadow
"/wiki/Bankstown_Airport,_New_South_Wales",33°55′30″S,150°59′18″E,Bankstown Aerodrome
"/wiki/Barangaroo,_New_South_Wales",33°51′40″S,151°12′11″E,Barangaroo
"/wiki/Barden_Ridge,_New_South_Wales",34°01′55″S,151°00′36″E,Barden Ridge
"/wiki/Bardia,_New_South_Wales",33°58′37.2″S,150°51′43.2″E,Bardia
"/wiki/Bardwell_Park,_New_South_Wales",33°56′07″S,151°07′31″E,Bardwell Park
"/wiki/Bardwell_Valley,_New_South_Wales",33°56′13″S,151°07′59″E,Bardwell Valley
"/wiki/Bass_Hill,_New_South_Wales",33°54′03″S,150°59′42″E,Bass Hill
"/wiki/Baulkham_Hills,_New_South_Wales",33°45′34″S,150°59′25″E,Baulkham Hills
"/wiki/Bayview,_New_South_Wales",,,Bayview
"/wiki/Beacon_Hill,_New_South_Wales",33°45′08″S,151°15′22″E,Beacon Hill
"/wiki/Beaconsfield,_New_South_Wales",33°54′39″S,151°12′00″E,Beaconsfield
"/wiki/Beaumont_Hills,_New_South_Wales",33°42′00″S,150°56′28″E,Beaumont Hills
"/wiki/Beecroft,_New_South_Wales",33°45′06″S,151°03′48″E,Beecroft
"/wiki/Belfield,_New_South_Wales",33°54′18″S,151°5′2″E,Belfield
"/wiki/Bella_Vista,_New_South_Wales",33°44′31″S,150°57′18″E,Bella Vista
"/wiki/Bellevue_Hill,_New_South_Wales",33°52′52″S,151°15′09″E,Bellevue Hill
"/wiki/Belmore,_New_South_Wales",33°55′3″S,151°5′16″E,Belmore
"/wiki/Belrose,_New_South_Wales",33°43′48″S,151°13′12″E,Belrose
"/wiki/Berala,_New_South_Wales",33°52′30″S,151°01′51″E,Berala
"/wiki/Berkshire_Park,_New_South_Wales",33°41′19″S,150°46′54″E,Berkshire Park
"/wiki/Berowra,_New_South_Wales",33°37′32″S,151°8′48″E,Berowra
"/wiki/Berowra_Creek,_New_South_Wales",33°34′37″S,151°7′41″E,Berowra Creek
"/wiki/Berowra_Heights,_New_South_Wales",33°36′48″S,151°08′17″E,Berowra Heights
"/wiki/Berowra_Waters,_New_South_Wales",33°36′03″S,151°07′35″E,Berowra Waters
"/wiki/Berrilee,_New_South_Wales",33°36′56″S,151°05′53″E,Berrilee
"/wiki/Beverley_Park,_New_South_Wales",33°58′44″S,151°07′43″E,Beverley Park
"/wiki/Beverly_Hills,_New_South_Wales",33°57′5″S,151°4′46″E,Beverly Hills
"/wiki/Bexley,_New_South_Wales",33°57′24″S,151°7′34″E,Bexley
"/wiki/Bexley_North,_New_South_Wales",33°56′30″S,151°6′41″E,Bexley North
"/wiki/Bickley_Vale,_New_South_Wales",34°04′48″S,150°39′54″E,Bickley Vale
"/wiki/Bidwill,_New_South_Wales",33°44′22″S,150°48′46″E,Bidwill
"/wiki/Bilgola_Beach,_New_South_Wales",33°38′44″S,151°19′04″E,Bilgola Beach
"/wiki/Bilgola_Plateau,_New_South_Wales",33°38′S,151°19′E,Bilgola Plateau
"/wiki/Birchgrove,_New_South_Wales",33°51′10″S,151°10′49″E,Birchgrove
"/wiki/Birrong,_New_South_Wales",33°53′35″S,151°1′23″E,Birrong
"/wiki/Blackett,_New_South_Wales",33°44′22″S,150°48′46″E,Blackett
"/wiki/Blacktown,_New_South_Wales",33°46′16″S,150°54′23″E,Blacktown
"/wiki/Blair_Athol,_New_South_Wales",34°3′47″S,150°48′0″E,Blair Athol
"/wiki/Blairmount,_New_South_Wales",34°02′56″S,150°47′14″E,Blairmount
"/wiki/Blakehurst,_New_South_Wales",33°59′23″S,151°6′35″E,Blakehurst
"/wiki/Bligh_Park,_New_South_Wales",33°38′18″S,150°47′53″E,Bligh Park
"/wiki/Bondi,_New_South_Wales",33°53′31″S,151°15′40″E,Bondi
"/wiki/Bondi_Junction,_New_South_Wales",33°53′29″S,151°14′59″E,Bondi Junction
"/wiki/Bonnet_Bay,_New_South_Wales",34°00′37″S,151°03′09″E,Bonnet Bay
"/wiki/Bonnyrigg,_New_South_Wales",33°53′53″S,150°53′24″E,Bonnyrigg
"/wiki/Bonnyrigg_Heights,_New_South_Wales",33°53′28″S,150°52′19″E,Bonnyrigg Heights
"/wiki/Bossley_Park,_New_South_Wales",33°51′48″S,150°53′01″E,Bossley Park
"/wiki/Botany,_New_South_Wales",33°56′42″S,151°11′58″E,Botany
"/wiki/Bow_Bowing,_New_South_Wales",34°1′7″S,150°50′17″E,Bow Bowing
"/wiki/Box_Hill,_New_South_Wales",33°39′S,150°53′E,Box Hill
"/wiki/Bradbury,_New_South_Wales",34°05′14″S,150°48′59″E,Bradbury
"/wiki/Breakfast_Point,_New_South_Wales",33°50′38″S,151°06′46″E,Breakfast Point
"/wiki/Brighton-le-Sands,_New_South_Wales",33°57′32″S,151°09′25″E,Brighton-Le-Sands
"/wiki/Bringelly,_New_South_Wales",33°55′18″S,150°43′56″E,Bringelly
"/wiki/Bronte,_New_South_Wales",33°54′19″S,151°15′38″E,Bronte
"/wiki/Brooklyn,_New_South_Wales",33°32′54″S,151°13′4″E,Brooklyn
"/wiki/Brookvale,_New_South_Wales",33°45′55″S,151°16′13″E,Brookvale
"/wiki/Bundeena,_New_South_Wales",34°5′17.02″S,151°9′14.62″E,Bundeena
/wiki/Bungarribee,33°46′48″S,150°51′19″E,Bungarribee
"/wiki/Burraneer,_New_South_Wales",34°04′12″S,151°08′12″E,Burraneer
"/wiki/Burwood,_New_South_Wales",33°52′38″S,151°06′18″E,Burwood
"/wiki/Burwood_Heights,_New_South_Wales",33°53′25″S,151°06′19″E,Burwood Heights
"/wiki/Busby,_New_South_Wales",33°54′51″S,150°52′57″E,Busby
"/wiki/Cabarita,_New_South_Wales",33°50′53″S,151°06′53″E,Cabarita
"/wiki/Cabramatta,_New_South_Wales",33°53′40″S,150°56′15″E,Cabramatta
"/wiki/Cabramatta_West,_New_South_Wales",33°53′41″S,150°54′54″E,Cabramatta West
"/wiki/Caddens,_New_South_Wales",33°46′26″S,150°43′52″E,Caddens
"/wiki/Cambridge_Gardens,_New_South_Wales",33°44′17″S,150°43′16″E,Cambridge Gardens
"/wiki/Cambridge_Park,_New_South_Wales",33°44′54″S,150°44′4″E,Cambridge Park
"/wiki/Camden,_New_South_Wales",34°03′16″S,150°41′45″E,Camden
"/wiki/Camden_South,_New_South_Wales",34°05′07″S,150°42′27″E,Camden South
"/wiki/Camellia,_New_South_Wales",33°49′15″S,151°1′33″E,Camellia
"/wiki/Cammeray,_New_South_Wales",33°49′S,151°13′E,Cammeray
"/wiki/Campbelltown,_New_South_Wales",34°3′54″S,150°48′51″E,Campbelltown
"/wiki/Camperdown,_New_South_Wales",33°53′24″S,151°10′48″E,Camperdown
"/wiki/Campsie,_New_South_Wales",33°54′53″S,151°06′07″E,Campsie
"/wiki/Canada_Bay,_New_South_Wales",33°52′02″S,151°06′50″E,Canada Bay
"/wiki/Canley_Heights,_New_South_Wales",33°53′06″S,150°55′39″E,Canley Heights
"/wiki/Canley_Vale,_New_South_Wales",33°53′11″S,150°56′46″E,Canley Vale
"/wiki/Canoelands,_New_South_Wales",33°30′30″S,151°03′42″E,Canoelands
"/wiki/Canterbury,_New_South_Wales",33°54′45″S,151°07′05″E,Canterbury
/wiki/Caringbah,34°02′43″S,151°07′18″E,Caringbah
"/wiki/Caringbah_South,_New_South_Wales",34°02′43″S,151°07′18″E,Caringbah South
"/wiki/Carlingford,_New_South_Wales",33°46′37″S,151°2′53″E,Carlingford
"/wiki/Carlton,_New_South_Wales",33°58′16″S,151°07′28″E,Carlton
"/wiki/Carnes_Hill,_New_South_Wales",33°56′10″S,150°50′22″E,Carnes Hill
"/wiki/Carramar,_New_South_Wales",33°53′10″S,150°57′52″E,Carramar
"/wiki/Carss_Park,_New_South_Wales",33°59′14″S,151°07′08″E,Carss Park
"/wiki/Cartwright,_New_South_Wales",33°55′41″S,150°53′13″E,Cartwright
"/wiki/Castle_Cove,_New_South_Wales",33°47′05″S,151°12′23″E,Castle Cove
"/wiki/Castle_Hill,_New_South_Wales",33°43′45″S,151°0′14″E,Castle Hill
"/wiki/Castlecrag,_New_South_Wales",33°48′05″S,151°13′12″E,Castlecrag
"/wiki/Castlereagh,_New_South_Wales",33°40′19″S,150°40′42″E,Castlereagh
"/wiki/Casula,_New_South_Wales",33°57′07″S,150°54′19″E,Casula
"/wiki/Catherine_Field,_New_South_Wales",33°59′00″S,150°45′36″E,Catherine Field
"/wiki/Cattai,_New_South_Wales",33°33′22″S,150°54′43″E,Cattai
"/wiki/Cawdor,_New_South_Wales",34°05′S,150°41′E,Cawdor
"/wiki/Cecil_Hills,_New_South_Wales",33°53′25″S,150°51′04″E,Cecil Hills
"/wiki/Cecil_Park,_New_South_Wales",33°52′23″S,150°50′18″E,Cecil Park
"/wiki/Centennial_Park,_New_South_Wales",33°54′4″S,151°13′49″E,Centennial Park
/wiki/Sydney_CBD,33°52′5″S,151°12′44″E,Central Business District
"/wiki/Chatswood_West,_New_South_Wales",33°48′08″S,151°09′47″E,Chatswood West
"/wiki/Cheltenham,_New_South_Wales",33°45′30″S,151°04′32″E,Cheltenham
"/wiki/Cherrybrook,_New_South_Wales",33°43′30″S,151°02′58″E,Cherrybrook
"/wiki/Chester_Hill,_New_South_Wales",33°52′42″S,151°0′16″E,Chester Hill
"/wiki/Chifley,_New_South_Wales",33°58′08″S,151°14′24″E,Chifley
"/wiki/Chippendale,_New_South_Wales",33°53′11″S,151°12′00″E,Chippendale
"/wiki/Chipping_Norton,_New_South_Wales",33°54′40″S,150°57′32″E,Chipping Norton
"/wiki/Chiswick,_New_South_Wales",33°51′07″S,151°08′10″E,Chiswick
"/wiki/Chullora,_New_South_Wales",33°53′27″S,151°2′51″E,Chullora
"/wiki/Church_Point,_New_South_Wales",33°39′16″S,151°16′45″E,Church Point
"/wiki/Claremont_Meadows,_New_South_Wales",33°46′44″S,150°45′11″E,Claremont Meadows
"/wiki/Clarendon,_New_South_Wales",33°36′42″S,150°47′13″E,Clarendon
"/wiki/Clareville,_New_South_Wales",33°38′04″S,151°18′57″E,Clareville
"/wiki/Claymore,_New_South_Wales",34°02′40″S,150°48′35″E,Claymore
"/wiki/Clemton_Park,_New_South_Wales",33°55′48″S,151°06′22″E,Clemton Park
"/wiki/Clontarf,_New_South_Wales",33°48′30″S,151°15′12″E,Clontarf
"/wiki/Clovelly,_New_South_Wales",33°54′44″S,151°15′46″E,Clovelly
"/wiki/Clyde,_New_South_Wales",33°50′19″S,151°1′2″E,Clyde
"/wiki/Coasters_Retreat,_New_South_Wales",33°36′18″S,151°17′56″E,Coasters Retreat
"/wiki/Cobbitty,_New_South_Wales",34°01′S,150°41′E,Cobbitty
"/wiki/Colebee,_New_South_Wales",33°43′16″S,150°51′18″E,Colebee
"/wiki/Collaroy,_New_South_Wales",33°43′48″S,151°18′00″E,Collaroy
"/wiki/Collaroy_Plateau,_New_South_Wales",,,Collaroy Plateau
"/wiki/Colyton,_New_South_Wales",33°46′55″S,150°47′53″E,Colyton
"/wiki/Como,_New_South_Wales",34°00′16″S,151°03′50″E,Como
"/wiki/Concord,_New_South_Wales",33°51′35″S,151°06′07″E,Concord
"/wiki/Concord_West,_New_South_Wales",33°50′39″S,151°05′25″E,Concord West
"/wiki/Condell_Park,_New_South_Wales",33°55′30″S,151°0′28″E,Condell Park
"/wiki/Connells_Point,_New_South_Wales",33°58′57″S,151°6′1″E,Connells Point
"/wiki/Constitution_Hill,_New_South_Wales",33°47′40″S,150°58′35″E,Constitution Hill
"/wiki/Coogee,_New_South_Wales",33°55′08″S,151°15′20″E,Coogee
"/wiki/Cornwallis,_New_South_Wales",33°35′31″S,150°48′43″E,Cornwallis
"/wiki/Cottage_Point,_New_South_Wales",33°37′15″S,151°12′08″E,Cottage Point
"/wiki/Cowan,_New_South_Wales",33°35′27″S,151°10′10″E,Cowan
"/wiki/Cranebrook,_New_South_Wales",33°43′15″S,150°42′47″E,Cranebrook
"/wiki/Cremorne,_New_South_Wales",33°50′01″S,151°13′38″E,Cremorne
"/wiki/Cremorne_Point,_New_South_Wales",33°50′27″S,151°13′40″E,Cremorne Point
"/wiki/Cromer,_New_South_Wales",33°44′29″S,151°16′56″E,Cromer
"/wiki/Crows_Nest,_New_South_Wales",33°49′34″S,151°12′18″E,Crows Nest
"/wiki/Croydon,_New_South_Wales",33°52′45″S,151°06′56″E,Croydon
"/wiki/Croydon_Park,_New_South_Wales",33°53′48″S,151°6′34″E,Croydon Park
"/wiki/Cumberland_Reach,_New_South_Wales",33°27′22″S,150°53′46″E,Cumberland Reach
"/wiki/Curl_Curl,_New_South_Wales",33°46′20″S,151°17′24″E,Curl Curl
"/wiki/Currans_Hill,_New_South_Wales",34°02′27″S,150°46′07″E,Currans Hill
"/wiki/Currawong_Beach,_New_South_Wales",33°35.797′S,151°17.9406′E,Currawong Beach
"/wiki/Daceyville,_New_South_Wales",33°55′41″S,151°13′25″E,Daceyville
"/wiki/Dangar_Island,_New_South_Wales",,,Dangar Island
"/wiki/Darling_Point,_New_South_Wales",33°52′13″S,151°14′15″E,Darling Point
"/wiki/Darlinghurst,_New_South_Wales",33°53′00″S,151°13′30″E,Darlinghurst
"/wiki/Darlington,_New_South_Wales",33°53′25″S,151°11′48″E,Darlington
"/wiki/Davidson,_New_South_Wales",,,Davidson
"/wiki/Dawes_Point,_New_South_Wales",33°51′22″S,151°12′25″E,Dawes Point
"/wiki/Dean_Park,_New_South_Wales",33°44′00″S,150°51′00″E,Dean Park
"/wiki/Dee_Why,_New_South_Wales",33°45′16″S,151°17′07″E,Dee Why
"/wiki/Denham_Court,_New_South_Wales",,,Denham Court
"/wiki/Denistone,_New_South_Wales",33°48′03″S,151°05′11″E,Denistone
"/wiki/Denistone_East,_New_South_Wales",33°47′56″S,151°05′58″E,Denistone East
"/wiki/Denistone_West,_New_South_Wales",33°48′03″S,151°05′11″E,Denistone West
"/wiki/Dharruk,_New_South_Wales",33°44′53″S,150°48′57″E,Dharruk
"/wiki/Dolans_Bay,_New_South_Wales",34°03′45″S,151°07′35″E,Dolans Bay
"/wiki/Dolls_Point,_New_South_Wales",33°59′38″S,151°08′35″E,Dolls Point
"/wiki/Doonside,_New_South_Wales",33°46′10″S,150°52′00″E,Doonside
"/wiki/Double_Bay,_New_South_Wales",33°52′39″S,151°14′28″E,Double Bay
"/wiki/Dover_Heights,_New_South_Wales",33°52′19″S,151°16′42″E,Dover Heights
"/wiki/Drummoyne,_New_South_Wales",33°51′13″S,151°09′14″E,Drummoyne
"/wiki/Duffys_Forest,_New_South_Wales",33°40′31″S,151°11′52″E,Duffys Forest
"/wiki/Dulwich_Hill,_New_South_Wales",33°54′30″S,151°08′30″E,Dulwich Hill
"/wiki/Dundas,_New_South_Wales",33°48′15″S,151°02′06″E,Dundas
"/wiki/Dundas_Valley,_New_South_Wales",33°47′35″S,151°03′36″E,Dundas Valley
"/wiki/Dural,_New_South_Wales",33°40′55″S,151°1′44″E,Dural
"/wiki/Eagle_Vale,_New_South_Wales",34°02′13″S,150°48′41″E,Eagle Vale
"/wiki/Earlwood,_New_South_Wales",33°55′13″S,151°07′37″E,Earlwood
"/wiki/East_Gordon,_New_South_Wales",33°44′50″S,151°09′29″E,East Gordon
"/wiki/East_Hills,_New_South_Wales",33°57′50″S,150°59′23″E,East Hills
"/wiki/East_Killara,_New_South_Wales",33°45′21″S,151°10′47″E,East Killara
"/wiki/East_Kurrajong,_New_South_Wales",33°30′55″S,150°46′04″E,East Kurrajong
"/wiki/East_Lindfield,_New_South_Wales",33°46′22″S,151°11′14″E,East Lindfield
"/wiki/East_Ryde,_New_South_Wales",33°48′36″S,151°08′06″E,East Ryde
"/wiki/Eastern_Creek,_New_South_Wales",33°47′41″S,150°51′43″E,Eastern Creek
"/wiki/Eastgardens,_New_South_Wales",33°56′46″S,151°13′30″E,Eastgardens
"/wiki/Eastlakes,_New_South_Wales",33°55′54″S,151°12′37″E,Eastlakes
"/wiki/Eastwood,_New_South_Wales",33°47′25″S,151°04′54″E,Eastwood
"/wiki/Ebenezer,_New_South_Wales",33°31′54″S,150°52′4″E,Ebenezer
"/wiki/Edensor_Park,_New_South_Wales",33°52′51″S,150°52′31″E,Edensor Park
"/wiki/Edgecliff,_New_South_Wales",33°53′00″S,151°14′00″E,Edgecliff
"/wiki/Edmondson_Park,_New_South_Wales",33°57′49″S,150°51′23″E,Edmondson Park
"/wiki/Elanora_Heights,_New_South_Wales",33°42′04″S,151°16′44″E,Elanora Heights
"/wiki/Elderslie,_New_South_Wales",34°03′17″S,150°42′45″E,Elderslie
"/wiki/Elizabeth_Bay,_New_South_Wales",33°52′17″S,151°13′42″E,Elizabeth Bay
"/wiki/Elizabeth_Hills,_New_South_Wales",33°54′00″S,150°50′49″E,Elizabeth Hills
"/wiki/Ellis_Lane,_New_South_Wales",34°02′02″S,150°40′30″E,Ellis Lane
"/wiki/Elvina_Bay,_New_South_Wales",33°38.3709′S,151°16.6695′E,Elvina Bay
"/wiki/Emerton,_New_South_Wales",33°45′0″S,150°48′10″E,Emerton
"/wiki/Emu_Heights,_New_South_Wales",33°44′07″S,150°39′01″E,Emu Heights
"/wiki/Emu_Plains,_New_South_Wales",33°45′07″S,150°39′35″E,Emu Plains
"/wiki/Enfield,_New_South_Wales",33°53′26″S,151°05′33″E,Enfield
"/wiki/Engadine,_New_South_Wales",34°3′56.6″S,151°0′45.59″E,Engadine
"/wiki/Englorie_Park,_New_South_Wales",34°04′55″S,150°47′38″E,Englorie Park
"/wiki/Enmore,_New_South_Wales",33°54′02″S,151°10′04″E,Enmore
"/wiki/Epping,_New_South_Wales",33°46′29″S,151°04′44″E,Epping
"/wiki/Ermington,_New_South_Wales",33°48′41″S,151°03′42″E,Ermington
"/wiki/Erskine_Park,_New_South_Wales",33°48′48″S,150°48′05″E,Erskine Park
"/wiki/Erskineville,_New_South_Wales",33°54′17″S,151°11′05″E,Erskineville
"/wiki/Eschol_Park,_New_South_Wales",34°1′49″S,150°48′34″E,Eschol Park
"/wiki/Eveleigh,_New_South_Wales",33°53′42″S,151°11′28″E,Eveleigh
"/wiki/Fairfield,_New_South_Wales",33°52′14″S,150°57′19″E,Fairfield
"/wiki/Fairfield_East,_New_South_Wales",33°52′18″S,150°58′24″E,Fairfield East
"/wiki/Fairfield_Heights,_New_South_Wales",33°52′07″S,150°56′33″E,Fairfield Heights
"/wiki/Fairfield_West,_New_South_Wales",33°52′16″S,150°55′24″E,Fairfield West
"/wiki/Fairlight,_New_South_Wales",33°47′46″S,151°16′37″E,Fairlight
"/wiki/Fiddletown,_New_South_Wales",33°36′09″S,151°02′59″E,Fiddletown
"/wiki/Five_Dock,_New_South_Wales",33°51′54″S,151°07′43″E,Five Dock
"/wiki/Flemington,_New_South_Wales",33°51′48″S,151°04′15″E,Flemington
"/wiki/Forest_Glen,_New_South_Wales",33°33′2″S,151°1′11″E,Forest Glen
"/wiki/Forest_Lodge,_New_South_Wales",33°53′02″S,151°10′53″E,Forest Lodge
"/wiki/Forestville,_New_South_Wales",33°45′41″S,151°12′41″E,Forestville
"/wiki/Freemans_Reach,_New_South_Wales",33°33′41″S,150°47′52″E,Freemans Reach
"/wiki/Frenchs_Forest,_New_South_Wales",33°44′56″S,151°13′59″E,Frenchs Forest
"/wiki/Freshwater,_New_South_Wales",33°46′30″S,151°17′16″E,Freshwater
"/wiki/Gables,_New_South_Wales",33°37′48″S,150°54′20″E,Gables
"/wiki/Galston,_New_South_Wales",33°39′00″S,151°02′35″E,Galston
"/wiki/Georges_Hall,_New_South_Wales",33°54′44″S,150°59′08″E,Georges Hall
"/wiki/Gilead,_New_South_Wales",34°07′04″S,150°46′48″E,Gilead
"/wiki/Girraween,_New_South_Wales",33°48′05″S,150°56′35″E,Girraween
"/wiki/Gladesville,_New_South_Wales",33°50′00″S,151°07′00″E,Gladesville
"/wiki/Glebe,_New_South_Wales",33°52′47″S,151°11′07″E,Glebe
"/wiki/Gledswood_Hills,_New_South_Wales",34°00′42″S,150°46′49″E,Gledswood Hills
"/wiki/Glen_Alpine,_New_South_Wales",34°05′24″S,150°47′06″E,Glen Alpine
"/wiki/Glendenning,_New_South_Wales",33°44′56″S,150°51′04″E,Glendenning
"/wiki/Glenfield,_New_South_Wales",33°57′54″S,150°53′35″E,Glenfield
"/wiki/Glenhaven,_New_South_Wales",33°42′20″S,151°0′12″E,Glenhaven
"/wiki/Glenmore_Park,_New_South_Wales",,,Glenmore Park
"/wiki/Glenorie,_New_South_Wales",33°36′8″S,151°0′9″E,Glenorie
"/wiki/Glenwood,_New_South_Wales",33°44′02″S,150°56′02″E,Glenwood
"/wiki/Glossodia,_New_South_Wales",33°32′04″S,150°46′56″E,Glossodia
"/wiki/Gordon,_New_South_Wales",33°45′26″S,151°08′57″E,Gordon
"/wiki/Grantham_Farm,_New_South_Wales",33°39′36″S,150°52′00″E,Grantham Farm
"/wiki/Granville,_New_South_Wales",33°50′25″S,151°00′28″E,Granville
"/wiki/Grasmere,_New_South_Wales",34°03′25″S,150°40′01″E,Grasmere
"/wiki/Grays_Point,_New_South_Wales",34°03′18″S,151°04′30″E,Grays Point
"/wiki/Great_Mackerel_Beach,_New_South_Wales",33°35′30″S,151°18′3″E,Great Mackerel Beach
"/wiki/Green_Valley,_New_South_Wales",33°54′21″S,150°52′01″E,Green Valley
"/wiki/Greenacre,_New_South_Wales",33°54′33″S,151°3′12″E,Greenacre
"/wiki/Greendale,_New_South_Wales",33°55′12″S,150°40′12″E,Greendale
"/wiki/Greenfield_Park,_New_South_Wales",33°52′36″S,150°53′17″E,Greenfield Park
"/wiki/Greenhills_Beach,_New_South_Wales",34°02′05″S,151°09′53″E,Greenhills Beach
"/wiki/Greenwich,_New_South_Wales",33°49′59″S,151°11′01″E,Greenwich
"/wiki/Gregory_Hills,_New_South_Wales",33°59′30″S,150°46′00″E,Gregory Hills
"/wiki/Greystanes,_New_South_Wales",33°49′24″S,150°56′37″E,Greystanes
"/wiki/Grose_Vale,_New_South_Wales",33°35′2″S,150°40′26″E,Grose Vale
"/wiki/Grose_Wold,_New_South_Wales",33°35′55″S,150°41′05″E,Grose Wold
"/wiki/Guildford,_New_South_Wales",33°51′17″S,150°59′3″E,Guildford
"/wiki/Guildford_West,_New_South_Wales",33°51′02″S,150°57′47″E,Guildford West
"/wiki/Gymea,_New_South_Wales",34°02′00″S,151°05′08″E,Gymea
"/wiki/Gymea_Bay,_New_South_Wales",34°2′59″S,151°5′11″E,Gymea Bay
"/wiki/Haberfield,_New_South_Wales",33°53′00″S,151°08′30″E,Haberfield
"/wiki/Hammondville,_New_South_Wales",33°57′08″S,150°57′39″E,Hammondville
"/wiki/Harrington_Park,_New_South_Wales",34°01′40″S,150°43′51″E,Harrington Park
"/wiki/Harris_Park,_New_South_Wales",33°49′29″S,151°00′19″E,Harris Park
"/wiki/Hassall_Grove,_New_South_Wales",33°44′00″S,150°50′00″E,Hassall Grove
"/wiki/Haymarket,_New_South_Wales",33°52′51″S,151°12′11″E,Haymarket
"/wiki/Heathcote,_New_South_Wales",34°05′06″S,151°00′29″E,Heathcote
"/wiki/Hebersham,_New_South_Wales",33°45′10″S,150°59′00″E,Hebersham
"/wiki/Heckenberg,_New_South_Wales",33°54′38″S,150°53′20″E,Heckenberg
"/wiki/Henley,_New_South_Wales",33°50′33″S,151°08′05″E,Henley
"/wiki/Hillsdale,_New_South_Wales",33°57′18″S,151°13′43″E,Hillsdale
"/wiki/Hinchinbrook,_New_South_Wales",33°54′54″S,150°52′05″E,Hinchinbrook
"/wiki/Hobartville,_New_South_Wales",33°36′16″S,150°44′35″E,Hobartville
"/wiki/Holroyd,_New_South_Wales",33°49′52″S,150°59′49″E,Holroyd
"/wiki/Holsworthy,_New_South_Wales",33°57′45″S,150°57′16″E,Holsworthy
"/wiki/Homebush,_New_South_Wales",33°51′51″S,151°4′56″E,Homebush
"/wiki/Homebush_West,_New_South_Wales",33°52′05″S,151°04′15″E,Homebush West
"/wiki/Horningsea_Park,_New_South_Wales",33°56′38″S,150°50′38″E,Horningsea Park
"/wiki/Hornsby,_New_South_Wales",33°42′18″S,151°05′56″E,Hornsby
"/wiki/Hornsby_Heights,_New_South_Wales",33°40′20″S,151°05′56″E,Hornsby Heights
"/wiki/Horsley_Park,_New_South_Wales",33°51′30″S,150°51′19″E,Horsley Park
"/wiki/Hoxton_Park,_New_South_Wales",33°56′2″S,150°51′10″E,Hoxton Park
"/wiki/Hunters_Hill,_New_South_Wales",33°50′01″S,151°08′37″E,Hunters Hill
"/wiki/Huntingwood,_New_South_Wales",33°47′56″S,150°53′06″E,Huntingwood
"/wiki/Huntleys_Cove,_New_South_Wales",33°50′20″S,151°08′28″E,Huntleys Cove
"/wiki/Huntleys_Point,_New_South_Wales",33°50′20″S,151°08′49″E,Huntleys Point
"/wiki/Hurlstone_Park,_New_South_Wales",33°54′38″S,151°07′45″E,Hurlstone Park
"/wiki/Hurstville,_New_South_Wales",33°58′05″S,151°06′15″E,Hurstville
"/wiki/Hurstville_Grove,_New_South_Wales",33°58′47″S,151°5′35″E,Hurstville Grove
"/wiki/Illawong,_New_South_Wales",34°00′02″S,151°02′09″E,Illawong
"/wiki/Ingleburn,_New_South_Wales",33°59′8″S,150°51′13″E,Ingleburn
"/wiki/Ingleside,_New_South_Wales",33°40′56″S,151°15′47″E,Ingleside
"/wiki/Jamisontown,_New_South_Wales",33°46′06″S,150°40′21″E,Jamisontown
"/wiki/Jannali,_New_South_Wales",34°01′01″S,151°03′55″E,Jannali
"/wiki/Jordan_Springs,_New_South_Wales",33°43′26″S,150°43′41″E,Jordan Springs
"/wiki/Kangaroo_Point,_New_South_Wales",34°00′07″S,151°05′46″E,Kangaroo Point
"/wiki/Kareela,_New_South_Wales",34°00′54″S,151°04′50″E,Kareela
"/wiki/Kearns,_New_South_Wales",34°1′25″S,150°48′23″E,Kearns
"/wiki/Kellyville,_New_South_Wales",33°42′38″S,150°57′4″E,Kellyville
"/wiki/Kellyville_Ridge,_New_South_Wales",33°42′11″S,150°55′08″E,Kellyville Ridge
"/wiki/Kemps_Creek,_New_South_Wales",33°52′29″S,150°47′55″E,Kemps Creek
"/wiki/Kensington,_New_South_Wales",33°54′27″S,151°13′32″E,Kensington
"/wiki/Kenthurst,_New_South_Wales",33°40′9″S,151°0′6″E,Kenthurst
"/wiki/Kentlyn,_New_South_Wales",34°3′7″S,150°52′41″E,Kentlyn
"/wiki/Killara,_New_South_Wales",33°46′07″S,151°09′48″E,Killara
"/wiki/Killarney_Heights,_New_South_Wales",33°46′27″S,151°12′56″E,Killarney Heights
"/wiki/Kings_Langley,_New_South_Wales",33°45′S,150°55′E,Kings Langley
"/wiki/Kings_Park,_New_South_Wales",33°44′13″S,150°54′04″E,Kings Park
"/wiki/Kingsford,_New_South_Wales",33°55′28″S,151°13′40″E,Kingsford
"/wiki/Kingsgrove,_New_South_Wales",33°56′21″S,151°6′5″E,Kingsgrove
"/wiki/Kingswood,_New_South_Wales",33°45′32″S,150°43′12″E,Kingswood
"/wiki/Kingswood_Park,_New_South_Wales",33°45′29″S,150°42′20″E,Kingswood Park
"/wiki/Kirkham,_New_South_Wales",34°02′20″S,150°42′32″E,Kirkham
"/wiki/Kirrawee,_New_South_Wales",34°2′5″S,151°4′16″E,Kirrawee
"/wiki/Kirribilli,_New_South_Wales",33°51′02″S,151°12′53″E,Kirribilli
"/wiki/Kogarah,_New_South_Wales",33°58′03″S,151°08′11″E,Kogarah
"/wiki/Kogarah_Bay,_New_South_Wales",33°59′00″S,151°07′18″E,Kogarah Bay
"/wiki/Ku-ring-gai_Chase,_New_South_Wales",,,Ku-ring-gai Chase
"/wiki/Kurmond,_New_South_Wales",33°33′4″S,150°41′24″E,Kurmond
"/wiki/Kurnell,_New_South_Wales",34°00′42″S,151°12′25″E,Kurnell
"/wiki/Kurraba_Point,_New_South_Wales",33°50′35″S,151°13′23″E,Kurraba Point
"/wiki/Kurrajong,_New_South_Wales",33°33′S,150°40′E,Kurrajong
"/wiki/Kurrajong_Hills,_New_South_Wales",33°32′S,150°39′E,Kurrajong Hills
"/wiki/Kyeemagh,_New_South_Wales",33°56′54″S,151°09′26″E,Kyeemagh
"/wiki/Kyle_Bay,_New_South_Wales",33°59′21″S,151°5′42″E,Kyle Bay
"/wiki/La_Perouse,_New_South_Wales",33°59′35″S,151°14′36″E,La Perouse
"/wiki/Lakemba,_New_South_Wales",33°55′54″S,151°5′7″E,Lakemba
"/wiki/Lalor_Park,_New_South_Wales",33°46′00″S,150°55′40″E,Lalor Park
"/wiki/Lane_Cove,_New_South_Wales",33°49′01″S,151°10′10″E,Lane Cove
"/wiki/Lane_Cove_North,_New_South_Wales",33°48′25″S,151°09′50″E,Lane Cove North
"/wiki/Lane_Cove_West,_New_South_Wales",33°48′43″S,151°09′00″E,Lane Cove West
"/wiki/Lansdowne,_New_South_Wales",33°53′42″S,150°58′27″E,Lansdowne
"/wiki/Lansvale,_New_South_Wales",33°53′40″S,150°57′16″E,Lansvale
"/wiki/Laughtondale,_New_South_Wales",33°25′48″S,151°1′44″E,Laughtondale
"/wiki/Lavender_Bay,_New_South_Wales",33°50′39″S,151°12′14″E,Lavender Bay
"/wiki/Leets_Vale,_New_South_Wales",33°25′55″S,150°57′4″E,Leets Vale
"/wiki/Leichhardt,_New_South_Wales",33°53′5″S,151°9′26″E,Leichhardt
"/wiki/Len_Waters_Estate,_New_South_Wales",33°54′50″S,150°51′11″E,Len Waters Estate
"/wiki/Leonay,_New_South_Wales",33°45′54″S,150°38′44″E,Leonay
"/wiki/Leppington,_New_South_Wales",33°57′54″S,150°48′4″E,Leppington
"/wiki/Lethbridge_Park,_New_South_Wales",33°44′00″S,150°47′40″E,Lethbridge Park
"/wiki/Leumeah,_New_South_Wales",34°3′20″S,150°50′00″E,Leumeah
"/wiki/Lewisham,_New_South_Wales",33°53′42″S,151°08′40″E,Lewisham
"/wiki/Liberty_Grove,_New_South_Wales",,,Liberty Grove
"/wiki/Lidcombe,_New_South_Wales",33°51′53″S,151°02′44″E,Lidcombe
"/wiki/Lilli_Pilli,_New_South_Wales",34°04′06″S,151°06′57″E,Lilli Pilli
"/wiki/Lilyfield,_New_South_Wales",33°52′23″S,151°9′58″E,Lilyfield
"/wiki/Lindfield,_New_South_Wales",33°46′36″S,151°10′16″E,Lindfield
"/wiki/Linley_Point,_New_South_Wales",33°49′51″S,151°08′44″E,Linley Point
"/wiki/Little_Bay,_New_South_Wales",33°58′50″S,151°14′35″E,Little Bay
"/wiki/Llandilo,_New_South_Wales",33°42′22″S,150°44′43″E,Llandilo
"/wiki/Loftus,_New_South_Wales",34°02′47″S,151°02′50″E,Loftus
"/wiki/Londonderry,_New_South_Wales",33°38′55″S,150°44′8″E,Londonderry
"/wiki/Long_Point,_New_South_Wales",34°0′43″S,150°53′49″E,Long Point
"/wiki/Longueville,_New_South_Wales",33°49′59″S,151°09′54″E,Longueville
"/wiki/Lovett_Bay,_New_South_Wales",33°38′06″S,151°16′44″E,Lovett Bay
"/wiki/Lower_Portland,_New_South_Wales",33°26′31″S,150°52′44″E,Lower Portland
"/wiki/Lucas_Heights,_New_South_Wales",34°02′56″S,150°58′30″E,Lucas Heights
"/wiki/Luddenham,_New_South_Wales",33°52′51″S,150°42′53″E,Luddenham
"/wiki/Lugarno,_New_South_Wales",33°59′05″S,151°02′37″E,Lugarno
"/wiki/Lurnea,_New_South_Wales",33°56′06″S,150°53′44″E,Lurnea
"/wiki/Macquarie_Fields,_New_South_Wales",33°59′40″S,150°53′15″E,Macquarie Fields
"/wiki/Macquarie_Links,_New_South_Wales",33°58′55″S,150°52′26″E,Macquarie Links
"/wiki/Macquarie_Park,_New_South_Wales",33°46′38″S,151°07′27″E,Macquarie Park
/wiki/Maianbar,34°04′53″S,151°07′45″E,Maianbar
"/wiki/Malabar,_New_South_Wales",33°57′56″S,151°14′55″E,Malabar
"/wiki/Manly_Vale,_New_South_Wales",33°46′59″S,151°15′44″E,Manly Vale
"/wiki/Maraylya,_New_South_Wales",33°35′52″S,150°54′58″E,Maraylya
"/wiki/Marayong,_New_South_Wales",33°45′00″S,150°54′30″E,Marayong
"/wiki/Maroota,_New_South_Wales",33°27′37″S,150°59′41″E,Maroota
"/wiki/Maroubra,_New_South_Wales",33°56′58″S,151°14′37″E,Maroubra
"/wiki/Marrickville,_New_South_Wales",33°54′18″S,151°09′18″E,Marrickville
"/wiki/Marsden_Park,_New_South_Wales",33°41′21″S,150°48′10″E,Marsden Park
"/wiki/Marsfield,_New_South_Wales",33°46′47″S,151°06′09″E,Marsfield
"/wiki/Mascot,_New_South_Wales",33°55′45″S,151°11′17″E,Mascot
"/wiki/Matraville,_New_South_Wales",33°57′41″S,151°13′53″E,Matraville
"/wiki/Mays_Hill,_New_South_Wales",33°49′18″S,150°59′32″E,Mays Hill
"/wiki/McCarrs_Creek,_New_South_Wales",,,McCarrs Creek
"/wiki/McGraths_Hill,_New_South_Wales",33°37′10″S,150°50′35″E,McGraths Hill
"/wiki/McMahons_Point,_New_South_Wales",33°50′43″S,151°12′16″E,McMahons Point
"/wiki/Meadowbank,_New_South_Wales",33°49′01″S,151°05′00″E,Meadowbank
"/wiki/Melonba,_New_South_Wales",33°41′52″S,150°47′53″E,Melonba
"/wiki/Melrose_Park,_New_South_Wales",33°49′11″S,151°4′38″E,Melrose Park
"/wiki/Menai,_New_South_Wales",34°00′42″S,151°00′32″E,Menai
"/wiki/Menangle_Park,_New_South_Wales",,,Menangle Park
"/wiki/Merrylands,_New_South_Wales",33°50′15″S,150°59′30″E,Merrylands
"/wiki/Merrylands_West,_New_South_Wales",33°50′15″S,150°57′42″E,Merrylands West
"/wiki/Middle_Cove,_New_South_Wales",33°47′38″S,151°12′31″E,Middle Cove
"/wiki/Middle_Dural,_New_South_Wales",33°39′20″S,151°1′15″E,Middle Dural
"/wiki/Middleton_Grange,_New_South_Wales",33°54′54″S,150°50′31″E,Middleton Grange
"/wiki/Miller,_New_South_Wales",33°55′36″S,150°52′21″E,Miller
"/wiki/Millers_Point,_New_South_Wales",33°51′39″S,151°12′10″E,Millers Point
"/wiki/Milperra,_New_South_Wales",33°56′34″S,150°58′49″E,Milperra
"/wiki/Milsons_Passage,_New_South_Wales",33°31′01″S,151°10′34″E,Milsons Passage
"/wiki/Minchinbury,_New_South_Wales",33°47′S,150°50′E,Minchinbury
"/wiki/Minto,_New_South_Wales",34°1′35″S,150°51′3″E,Minto
"/wiki/Minto_Heights,_New_South_Wales",34°1′52″S,150°52′27″E,Minto Heights
"/wiki/Miranda,_New_South_Wales",34°02′08″S,151°06′10″E,Miranda
"/wiki/Mona_Vale,_New_South_Wales",33°40′33″S,151°18′24″E,Mona Vale
"/wiki/Monterey,_New_South_Wales",33°58′26″S,151°08′52″E,Monterey
"/wiki/Moore_Park,_New_South_Wales",33°53′48″S,151°13′12″E,Moore Park
"/wiki/Moorebank,_New_South_Wales",33°55′59″S,150°57′01″E,Moorebank
"/wiki/Morning_Bay,_New_South_Wales",33°37′37″S,151°17′13″E,Morning Bay
"/wiki/Mortdale,_New_South_Wales",33°58′10″S,151°04′11″E,Mortdale
"/wiki/Mortlake,_New_South_Wales",33°50′37″S,151°06′20″E,Mortlake
"/wiki/Mount_Annan,_New_South_Wales",34°03′54″S,150°45′36″E,Mount Annan
"/wiki/Mount_Colah,_New_South_Wales",33°39′50″S,151°06′48″E,Mount Colah
"/wiki/Mount_Druitt,_New_South_Wales",33°46′20″S,150°49′10″E,Mount Druitt
"/wiki/Mount_Kuring-Gai,_New_South_Wales",33°38′44″S,151°07′52″E,Mount Kuring-Gai
"/wiki/Mount_Lewis,_New_South_Wales",33°54′54″S,151°3′4″E,Mount Lewis
"/wiki/Mount_Pritchard,_New_South_Wales",33°53′53″S,150°54′4″E,Mount Pritchard
"/wiki/Mount_Vernon,_New_South_Wales",33°51′25″S,150°48′36″E,Mount Vernon
"/wiki/Mulgoa,_New_South_Wales",33°50′46″S,150°39′09″E,Mulgoa
"/wiki/Mulgrave,_New_South_Wales",33°36′54″S,150°49′41″E,Mulgrave
"/wiki/Narellan,_New_South_Wales",34°02′42″S,150°44′13″E,Narellan
"/wiki/Narellan_Vale,_New_South_Wales",34°03′01″S,150°44′54″E,Narellan Vale
"/wiki/Naremburn,_New_South_Wales",33°49′09″S,151°11′59″E,Naremburn
"/wiki/Narrabeen,_New_South_Wales",33°43′23″S,151°17′43″E,Narrabeen
"/wiki/Narraweena,_New_South_Wales",33°44′55″S,151°16′04″E,Narraweena
"/wiki/Narwee,_New_South_Wales",33°56′51″S,151°4′15″E,Narwee
"/wiki/Nelson,_New_South_Wales",33°38′45″S,150°55′19″E,Nelson
"/wiki/Neutral_Bay,_New_South_Wales",33°50′04″S,151°13′06″E,Neutral Bay
"/wiki/Newington,_New_South_Wales",33°50′20″S,151°03′18″E,Newington
"/wiki/Newport,_New_South_Wales",33°39′23″S,151°18′49″E,Newport
"/wiki/Nirimba_Fields,_New_South_Wales",33°43′22″S,150°52′33″E,Nirimba Fields
"/wiki/Normanhurst,_New_South_Wales",33°43′31″S,151°06′03″E,Normanhurst
"/wiki/North_Balgowlah,_New_South_Wales",,,North Balgowlah
"/wiki/North_Bondi,_New_South_Wales",33°53′16″S,151°16′51″E,North Bondi
"/wiki/North_Curl_Curl,_New_South_Wales",33°45′52″S,151°17′50″E,North Curl Curl
"/wiki/North_Epping,_New_South_Wales",33°45′44″S,151°06′04″E,North Epping
"/wiki/North_Kellyville,_New_South_Wales",33°41′07″S,150°57′09″E,North Kellyville
"/wiki/North_Manly,_New_South_Wales",33°46′31″S,151°16′08″E,North Manly
"/wiki/North_Narrabeen,_New_South_Wales",33°42′23″S,151°17′18″E,North Narrabeen
"/wiki/North_Parramatta,_New_South_Wales",33°48′12″S,151°00′20″E,North Parramatta
"/wiki/North_Richmond,_New_South_Wales",33°35′21″S,150°42′40″E,North Richmond
"/wiki/North_Rocks,_New_South_Wales",33°46′34″S,151°1′11″E,North Rocks
"/wiki/North_Ryde,_New_South_Wales",33°47′33″S,151°07′10″E,North Ryde
"/wiki/North_St_Ives,_New_South_Wales",33°42′54″S,151°10′05″E,North St Ives
"/wiki/North_St_Marys,_New_South_Wales",33°44′56″S,150°46′55″E,North St Marys
"/wiki/North_Strathfield,_New_South_Wales",33°51′37″S,151°5′19″E,North Strathfield
"/wiki/North_Sydney,_New_South_Wales",33°50′23″S,151°12′19″E,North Sydney
"/wiki/North_Turramurra,_New_South_Wales",33°43′34″S,151°08′50″E,North Turramurra
"/wiki/North_Wahroonga,_New_South_Wales",33°42′04″S,151°07′34″E,North Wahroonga
"/wiki/North_Willoughby,_New_South_Wales",33°47′42″S,151°12′14″E,North Willoughby
"/wiki/Northbridge,_New_South_Wales",33°48′48″S,151°13′02″E,Northbridge
"/wiki/Northmead,_New_South_Wales",,,Northmead
"/wiki/Northwood,_New_South_Wales",33°49′41″S,151°10′34″E,Northwood
"/wiki/Norwest,_New_South_Wales",33°43′59″S,150°57′49″E,Norwest
"/wiki/Oakhurst,_New_South_Wales",33°43′55″S,150°50′6″E,Oakhurst
"/wiki/Oakville,_New_South_Wales",33°37′20″S,150°52′1″E,Oakville
"/wiki/Oatlands,_New_South_Wales",33°47′38″S,151°01′55″E,Oatlands
"/wiki/Oatley,_New_South_Wales",33°58′52″S,151°4′29″E,Oatley
"/wiki/Old_Guildford,_New_South_Wales",33°51′57″S,150°59′0″E,Old Guildford
"/wiki/Old_Toongabbie,_New_South_Wales",33°47′13″S,150°57′58″E,Old Toongabbie
"/wiki/Oran_Park,_New_South_Wales",34°00′11″S,150°44′35″E,Oran Park
"/wiki/Orchard_Hills,_New_South_Wales",33°46′53″S,150°44′11″E,Orchard Hills
"/wiki/Oxford_Falls,_New_South_Wales",33°44′07″S,151°14′49″E,Oxford Falls
"/wiki/Oxley_Park,_New_South_Wales",33°46′15″S,150°47′36″E,Oxley Park
"/wiki/Oyster_Bay,_New_South_Wales",34°00′27″S,151°04′31″E,Oyster Bay
"/wiki/Paddington,_New_South_Wales",33°53′05″S,151°13′34″E,Paddington
"/wiki/Padstow,_New_South_Wales",33°57′21″S,151°1′57″E,Padstow
"/wiki/Padstow_Heights,_New_South_Wales",33°58′23″S,151°2′6″E,Padstow Heights
"/wiki/Pagewood,_New_South_Wales",33°56′32″S,151°13′22″E,Pagewood
"/wiki/Palm_Beach,_New_South_Wales",33°36′00″S,151°19′22″E,Palm Beach
"/wiki/Panania,_New_South_Wales",33°57′29″S,151°0′7″E,Panania
"/wiki/Parklea,_New_South_Wales",33°43′45″S,150°55′08″E,Parklea
"/wiki/Peakhurst,_New_South_Wales",33°57′55″S,151°03′01″E,Peakhurst
"/wiki/Peakhurst_Heights,_New_South_Wales",33°58′54″S,151°03′04″E,Peakhurst Heights
"/wiki/Pemulwuy,_New_South_Wales",33°49′01″S,150°55′34″E,Pemulwuy
"/wiki/Pendle_Hill,_New_South_Wales",33°48′27″S,150°57′19″E,Pendle Hill
"/wiki/Pennant_Hills,_New_South_Wales",33°44′32″S,151°03′59″E,Pennant Hills
"/wiki/Penrith,_New_South_Wales",33°45′29″S,150°42′20″E,Penrith
"/wiki/Penshurst,_New_South_Wales",33°57′56″S,151°5′42″E,Penshurst
"/wiki/Petersham,_New_South_Wales",33°53′46″S,151°09′15″E,Petersham
"/wiki/Phillip_Bay,_New_South_Wales",33°58′58″S,151°13′43″E,Phillip Bay
"/wiki/Picnic_Point,_New_South_Wales",33°58′9″S,151°0′22″E,Picnic Point
"/wiki/Pitt_Town,_New_South_Wales",33°35′14″S,150°51′19″E,Pitt Town
"/wiki/Pitt_Town_Bottoms,_New_South_Wales",33°35′59″S,150°51′5″E,Pitt Town Bottoms
"/wiki/Pleasure_Point,_New_South_Wales",33°58′04″S,150°58′41″E,Pleasure Point
"/wiki/Plumpton,_New_South_Wales",33°45′11″S,150°50′21″E,Plumpton
"/wiki/Point_Piper,_New_South_Wales",33°52′14″S,151°15′3″E,Point Piper
"/wiki/Port_Botany,_New_South_Wales",33°58′34″S,151°13′05″E,Port Botany
"/wiki/Port_Hacking,_New_South_Wales",34°4′8″S,151°7′22″E,Port Hacking
"/wiki/Potts_Hill,_New_South_Wales",33°53′24″S,151°01′48″E,Potts Hill
"/wiki/Potts_Point,_New_South_Wales",33°52′5″S,151°13′27″E,Potts Point
"/wiki/Prairiewood,_New_South_Wales",33°51′40″S,150°54′17″E,Prairiewood
"/wiki/Prestons,_New_South_Wales",33°56′34″S,150°52′16″E,Prestons
"/wiki/Prospect,_New_South_Wales",33°47′57″S,150°55′32″E,Prospect
"/wiki/Punchbowl,_New_South_Wales",33°56′S,151°03′E,Punchbowl
"/wiki/Putney,_New_South_Wales",33°49′37″S,151°6′22″E,Putney
"/wiki/Pymble,_New_South_Wales",33°45′47″S,151°08′05″E,Pymble
"/wiki/Pyrmont,_New_South_Wales",33°52′30″S,151°11′47″E,Pyrmont
"/wiki/Quakers_Hill,_New_South_Wales",33°44′10″S,150°52′40″E,Quakers Hill
"/wiki/Queens_Park,_New_South_Wales",33°54′4″S,151°14′53″E,Queens Park
"/wiki/Queenscliff,_New_South_Wales",33°46′57″S,151°17′05″E,Queenscliff
"/wiki/Raby,_New_South_Wales",34°1′30″S,150°48′52″E,Raby
"/wiki/Ramsgate,_New_South_Wales",33°58′55″S,151°08′24″E,Ramsgate
"/wiki/Ramsgate_Beach,_New_South_Wales",33°58′55″S,151°08′53″E,Ramsgate Beach
"/wiki/Randwick,_New_South_Wales",33°54′59″S,151°14′12″E,Randwick
"/wiki/Redfern,_New_South_Wales",33°53′36″S,151°12′17″E,Redfern
"/wiki/Regents_Park,_New_South_Wales",33°53′9″S,151°1′42″E,Regents Park
"/wiki/Regentville,_New_South_Wales",33°46′42″S,150°39′36″E,Regentville
"/wiki/Revesby,_New_South_Wales",33°57′0″S,151°0′37″E,Revesby
"/wiki/Revesby_Heights,_New_South_Wales",33°58′5″S,151°1′4″E,Revesby Heights
"/wiki/Rhodes,_New_South_Wales",33°49′42″S,151°05′08″E,Rhodes
"/wiki/Richards,_New_South_Wales",33°40′08″S,150°51′16″E,Richards
"/wiki/Richmond,_New_South_Wales",33°36′S,150°45′E,Richmond
"/wiki/Richmond_Lowlands,_New_South_Wales",33°33′55″S,150°45′35″E,Richmond Lowlands
"/wiki/Riverstone,_New_South_Wales",33°40′55″S,150°51′34″E,Riverstone
"/wiki/Riverview,_New_South_Wales",33°49′29″S,151°09′44″E,Riverview
"/wiki/Riverwood,_New_South_Wales",33°57′S,151°03′E,Riverwood
"/wiki/Rockdale,_New_South_Wales",33°57′12″S,151°08′24″E,Rockdale
"/wiki/Rodd_Point,_New_South_Wales",33°51′58″S,151°08′37″E,Rodd Point
"/wiki/Rookwood,_New_South_Wales",33°52′22″S,151°03′20″E,Rookwood
"/wiki/Rooty_Hill,_New_South_Wales",33°46′18″S,150°50′38″E,Rooty Hill
"/wiki/Ropes_Crossing,_New_South_Wales",33°43′59″S,150°47′28″E,Ropes Crossing
"/wiki/Rose_Bay,_New_South_Wales",33°52′31″S,151°15′20″E,Rose Bay
"/wiki/Rosebery,_New_South_Wales",33°55′25″S,151°12′19″E,Rosebery
"/wiki/Rosehill,_New_South_Wales",33°49′37″S,151°01′48″E,Rosehill
"/wiki/Roselands,_New_South_Wales",33°55′54″S,151°5′7″E,Roselands
"/wiki/Rosemeadow,_New_South_Wales",34°06′25″S,150°47′35″E,Rosemeadow
"/wiki/Roseville,_New_South_Wales",33°47′21″S,151°10′16″E,Roseville
"/wiki/Roseville_Chase,_New_South_Wales",33°46′54″S,151°11′46″E,Roseville Chase
"/wiki/Rossmore,_New_South_Wales",33°55′21″S,150°46′11″E,Rossmore
"/wiki/Rouse_Hill,_New_South_Wales",33°40′54″S,150°54′56″E,Rouse Hill
"/wiki/Rozelle,_New_South_Wales",33°51′54″S,151°10′2″E,Rozelle
"/wiki/Ruse,_New_South_Wales",34°04′16″S,150°50′32″E,Ruse
"/wiki/Rushcutters_Bay,_New_South_Wales",33°52′39″S,151°13′42″E,Rushcutters Bay
"/wiki/Russell_Lea,_New_South_Wales",33°51′29″S,151°08′28″E,Russell Lea
"/wiki/Rydalmere,_New_South_Wales",33°48′40″S,151°02′08″E,Rydalmere
"/wiki/Ryde,_New_South_Wales",33°48′55″S,151°06′04″E,Ryde
"/wiki/Sackville,_New_South_Wales",33°29′S,150°54′E,Sackville
"/wiki/Sackville_North,_New_South_Wales",33°28′54″S,150°53′05″E,Sackville North
"/wiki/Sadleir,_New_South_Wales",33°54′45″S,150°52′49″E,Sadleir
"/wiki/Sandringham,_New_South_Wales",33°59′55″S,151°08′11″E,Sandringham
"/wiki/Sandy_Point,_New_South_Wales",33°58′34″S,150°59′33″E,Sandy Point
"/wiki/Sans_Souci,_New_South_Wales",33°59′20″S,151°08′21″E,Sans Souci
"/wiki/Scheyville,_New_South_Wales",33°36′40″S,150°52′58″E,Scheyville
"/wiki/Schofields,_New_South_Wales",33°42′S,150°53′E,Schofields
"/wiki/Scotland_Island,_New_South_Wales",33°38′30″S,151°17′24″E,Scotland Island
"/wiki/Seaforth,_New_South_Wales",,,Seaforth
"/wiki/Sefton,_New_South_Wales",33°53′18″S,151°0′26″E,Sefton
"/wiki/Seven_Hills,_New_South_Wales",33°46′40″S,150°56′30″E,Seven Hills
"/wiki/Shalvey,_New_South_Wales",33°43′10″S,150°48′00″E,Shalvey
"/wiki/Shanes_Park,_New_South_Wales",33°42′40″S,150°46′20″E,Shanes Park
"/wiki/Silverwater,_New_South_Wales",33°49′48″S,151°03′04″E,Silverwater
"/wiki/Singletons_Mill,_New_South_Wales",33°27′54″S,151°04′05″E,Singletons Mill
"/wiki/Smeaton_Grange,_New_South_Wales",34°2′6″S,150°45′25″E,Smeaton Grange
"/wiki/Smithfield,_New_South_Wales",33°51′10″S,150°55′55″E,Smithfield
"/wiki/South_Coogee,_New_South_Wales",33°55′59″S,151°15′32″E,South Coogee
"/wiki/South_Granville,_New_South_Wales",33°51′16″S,151°0′15″E,South Granville
"/wiki/South_Hurstville,_New_South_Wales",33°58′48″S,151°6′13″E,South Hurstville
"/wiki/South_Maroota,_New_South_Wales",33°31′27″S,150°56′55″E,South Maroota
"/wiki/South_Penrith,_New_South_Wales",33°46′19″S,150°42′12″E,South Penrith
"/wiki/South_Turramurra,_New_South_Wales",33°45′17″S,151°06′47″E,South Turramurra
"/wiki/South_Wentworthville,_New_South_Wales",33°49′24″S,150°57′55″E,South Wentworthville
"/wiki/South_Windsor,_New_South_Wales",33°37′31″S,150°48′16″E,South Windsor
"/wiki/Spring_Farm,_New_South_Wales",34°4′19″S,150°43′5″E,Spring Farm
"/wiki/St_Andrews,_New_South_Wales",34°1′29″S,150°49′50″E,St Andrews
"/wiki/St_Clair,_New_South_Wales",33°47′55″S,150°46′57″E,St Clair
"/wiki/St_Helens_Park,_New_South_Wales",34°06′38″S,150°48′28″E,St Helens Park
"/wiki/St_Ives,_New_South_Wales",33°43′17″S,151°10′06″E,St Ives
"/wiki/St_Ives_Chase,_New_South_Wales",33°42′40″S,151°09′34″E,St Ives Chase
"/wiki/St_Johns_Park,_New_South_Wales",33°53′5″S,150°54′25″E,St Johns Park
"/wiki/St_Leonards,_New_South_Wales",33°49′34″S,151°11′25″E,St Leonards
"/wiki/St_Marys,_New_South_Wales",33°45′39″S,150°46′39″E,St Marys
"/wiki/St_Peters,_New_South_Wales",33°54′34″S,151°10′38″E,St Peters
"/wiki/Stanhope_Gardens,_New_South_Wales",33°43′23″S,150°55′34″E,Stanhope Gardens
"/wiki/Stanmore,_New_South_Wales",33°53′39″S,151°09′52″E,Stanmore
"/wiki/Strathfield,_New_South_Wales",33°52′51″S,151°04′59″E,Strathfield
"/wiki/Strathfield_South,_New_South_Wales",33°53′22″S,151°04′59″E,Strathfield South
"/wiki/Summer_Hill,_New_South_Wales",33°53′29″S,151°08′18″E,Summer Hill
"/wiki/Surry_Hills,_New_South_Wales",33°53′10″S,151°12′40″E,Surry Hills
"/wiki/Sutherland,_New_South_Wales",34°01′59″S,151°03′30″E,Sutherland
"/wiki/Sydenham,_New_South_Wales",33°55′5″S,151°9′48″E,Sydenham
"/wiki/Sydney_Olympic_Park,_New_South_Wales",33°50′53″S,151°03′54″E,Sydney Olympic Park
"/wiki/Sylvania,_New_South_Wales",34°00′45″S,151°06′22″E,Sylvania
"/wiki/Sylvania_Waters,_New_South_Wales",34°1′23″S,151°6′42″E,Sylvania Waters
"/wiki/Tallawong,_New_South_Wales",33°41′28″S,150°53′54″E,Tallawong
"/wiki/Tamarama,_New_South_Wales",33°53′53″S,151°16′5″E,Tamarama
"/wiki/Taren_Point,_New_South_Wales",34°1′9″S,151°7′13″E,Taren Point
"/wiki/Telopea,_New_South_Wales",33°47′39″S,151°02′17″E,Telopea
"/wiki/Tempe,_New_South_Wales",33°55′31″S,151°9′30″E,Tempe
"/wiki/Tennyson,_New_South_Wales",33°32′13″S,150°44′15″E,Tennyson
"/wiki/Tennyson_Point,_New_South_Wales",33°49′55″S,151°07′01″E,Tennyson Point
"/wiki/Terrey_Hills,_New_South_Wales",33°41′20″S,151°13′15″E,Terrey Hills
"/wiki/The_Ponds,_New_South_Wales",33°42′11″S,150°54′32″E,The Ponds
"/wiki/The_Slopes,_New_South_Wales",32°31′55″S,150°42′29″E,The Slopes
"/wiki/Thornleigh,_New_South_Wales",33°43′06″S,151°05′13″E,Thornleigh
"/wiki/Toongabbie,_New_South_Wales",33°47′10″S,150°57′23″E,Toongabbie
"/wiki/Tregear,_New_South_Wales",33°45′0″S,150°47′40″E,Tregear
"/wiki/Turramurra,_New_South_Wales",33°44′02″S,151°07′48″E,Turramurra
"/wiki/Turrella,_New_South_Wales",33°55′59″S,151°08′27″E,Turrella
"/wiki/Ultimo,_New_South_Wales",33°52′56″S,151°11′49″E,Ultimo
"/wiki/Varroville,_New_South_Wales",34°0′27″S,150°48′54″E,Varroville
"/wiki/Vaucluse,_New_South_Wales",33°51′21″S,151°16′16″E,Vaucluse
"/wiki/Villawood,_New_South_Wales",33°53′10″S,150°58′44″E,Villawood
"/wiki/Vineyard,_New_South_Wales",33°39′1″S,150°51′22″E,Vineyard
"/wiki/Voyager_Point,_New_South_Wales",33°57′32″S,150°58′44″E,Voyager Point
"/wiki/Wahroonga,_New_South_Wales",33°43′06″S,151°07′07″E,Wahroonga
"/wiki/Waitara,_New_South_Wales",33°42′44″S,151°06′02″E,Waitara
"/wiki/Wakeley,_New_South_Wales",33°52′34″S,150°54′44″E,Wakeley
"/wiki/Wallacia,_New_South_Wales",33°51′54″S,150°38′24″E,Wallacia
"/wiki/Wareemba,_New_South_Wales",33°51′40″S,151°07′55″E,Wareemba
"/wiki/Warrawee,_New_South_Wales",33°43′30″S,151°07′24″E,Warrawee
"/wiki/Warriewood,_New_South_Wales",33°41′38″S,151°18′17″E,Warriewood
"/wiki/Warwick_Farm,_New_South_Wales",33°54′50″S,150°56′15″E,Warwick Farm
"/wiki/Waterfall,_New_South_Wales",34°08′S,151°00′E,Waterfall
"/wiki/Waterloo,_New_South_Wales",33°54′01″S,151°12′28″E,Waterloo
"/wiki/Watsons_Bay,_New_South_Wales",33°50′33.9″S,151°16′52.5″E,Watsons Bay
"/wiki/Wattle_Grove,_New_South_Wales",33°57′25″S,150°56′28″E,Wattle Grove
"/wiki/Waverley,_New_South_Wales",33°53′52″S,151°15′1″E,Waverley
"/wiki/Waverton,_New_South_Wales",33°50′20″S,151°11′49″E,Waverton
"/wiki/Wedderburn,_New_South_Wales",34°7′34″S,150°49′4″E,Wedderburn
"/wiki/Wentworth_Point,_New_South_Wales",33°49′35″S,151°4′41″E,Wentworth Point
"/wiki/Wentworthville,_New_South_Wales",33°48′25″S,150°58′21″E,Wentworthville
"/wiki/Werrington,_New_South_Wales",33°45′34″S,150°44′49″E,Werrington
"/wiki/Werrington_County,_New_South_Wales",33°45′54″S,150°45′4″E,Werrington County
"/wiki/Werrington_Downs,_New_South_Wales",33°44′21″S,150°43′38″E,Werrington Downs
"/wiki/West_Hoxton,_New_South_Wales",33°56′8″S,150°49′51″E,West Hoxton
"/wiki/West_Killara,_New_South_Wales",33°46′46″S,151°08′41″E,West Killara
"/wiki/West_Lindfield,_New_South_Wales",33°47′20″S,151°09′10″E,West Lindfield
"/wiki/West_Pennant_Hills,_New_South_Wales",33°44′53″S,151°02′02″E,West Pennant Hills
"/wiki/West_Pymble,_New_South_Wales",33°45′54″S,151°07′34″E,West Pymble
"/wiki/West_Ryde,_New_South_Wales",33°48′29″S,151°05′01″E,West Ryde
"/wiki/Westleigh,_New_South_Wales",33°43′23″S,151°04′14″E,Westleigh
"/wiki/Westmead,_New_South_Wales",33°48′30″S,150°58′55″E,Westmead
"/wiki/Wetherill_Park,_New_South_Wales",33°50′59″S,150°54′40″E,Wetherill Park
"/wiki/Whalan,_New_South_Wales",33°45′30″S,150°48′30″E,Whalan
"/wiki/Whale_Beach,_New_South_Wales",33°36′46″S,151°19′38″E,Whale Beach
"/wiki/Wheeler_Heights,_New_South_Wales",,,Wheeler Heights
"/wiki/Wilberforce,_New_South_Wales",33°33′34″S,150°50′26″E,Wilberforce
"/wiki/Wiley_Park,_New_South_Wales",33°55′33″S,151°3′48″E,Wiley Park
"/wiki/Willmot,_New_South_Wales",33°43′31″S,150°47′33″E,Willmot
"/wiki/Willoughby,_New_South_Wales",33°48′27″S,151°12′05″E,Willoughby
"/wiki/Willoughby_East,_New_South_Wales",33°47′56″S,151°12′22″E,Willoughby East
"/wiki/Windsor,_New_South_Wales",33°36′54″S,150°49′02″E,Windsor
"/wiki/Windsor_Downs,_New_South_Wales",33°39′25″S,150°48′36″E,Windsor Downs
"/wiki/Winston_Hills,_New_South_Wales",33°46′39″S,150°58′40″E,Winston Hills
"/wiki/Wisemans_Ferry,_New_South_Wales",33°22′55″S,150°59′06″E,Wisemans Ferry
"/wiki/Wolli_Creek,_New_South_Wales",33°55′49″S,151°09′15″E,Wolli Creek
"/wiki/Wollstonecraft,_New_South_Wales",33°50′01″S,151°11′29″E,Wollstonecraft
"/wiki/Woodbine,_New_South_Wales",34°2′53″S,150°49′29″E,Woodbine
"/wiki/Woodcroft,_New_South_Wales",33°45′32″S,150°52′41″E,Woodcroft
"/wiki/Woodpark,_New_South_Wales",33°50′31″S,150°57′45″E,Woodpark
"/wiki/Woollahra,_New_South_Wales",33°53′S,151°15′E,Woollahra
"/wiki/Woolloomooloo,_New_South_Wales",33°52′13″S,151°13′20″E,Woolloomooloo
"/wiki/Woolooware,_New_South_Wales",34°02′52″S,151°08′28″E,Woolooware
"/wiki/Woolwich,_New_South_Wales",33°50′24″S,151°10′16″E,Woolwich
"/wiki/Woronora,_New_South_Wales",34°01′34″S,151°02′38″E,Woronora
"/wiki/Woronora_Heights,_New_South_Wales",34°02′02″S,151°01′34″E,Woronora Heights
"/wiki/Yagoona,_New_South_Wales",33°54′28″S,151°01′30″E,Yagoona
"/wiki/Yarramundi,_New_South_Wales",33°37′20″S,150°40′15″E,Yarramundi
"/wiki/Yarrawarrah,_New_South_Wales",34°03′19″S,151°01′56″E,Yarrawarrah
"/wiki/Yennora,_New_South_Wales",33°51′46″S,150°57′58″E,Yennora
"/wiki/Yowie_Bay,_New_South_Wales",34°02′59″S,151°06′12″E,Yowie Bay
"/wiki/Zetland,_New_South_Wales",33°54′29″S,151°12′38″E,Zetland
/wiki/Regions_of_Sydney,,,Regions
/wiki/New_South_Wales,32°S,147°E,New South Wales
/wiki/Canterbury-Bankstown,,,Canterbury-Bankstown
/wiki/Eastern_Suburbs_(Sydney),,,Eastern Suburbs
/wiki/Forest_District_(Sydney),,,Forest District
/wiki/Greater_Western_Sydney,,,Greater Western Sydney
/wiki/Hills_District,,,Hills District
/wiki/Inner_West,,,Inner West
"/wiki/Macarthur,_New_South_Wales",,,Macarthur
/wiki/Northern_Beaches,,,Northern Beaches
/wiki/Northern_Suburbs,,,Northern Suburbs
/wiki/North_Shore_(Sydney),33°47′S,151°10′E,North Shore
/wiki/Southern_Sydney,,,Southern Sydney
/wiki/South_Western_Sydney,,,South Western Sydney
/wiki/St_George_(Sydney),33°57′S,151°06′E,St George
/wiki/Local_government_areas_of_New_South_Wales,,,Local government areas
/wiki/Bayside_Council,,,Bayside
/wiki/Cumberland_Council_(New_South_Wales),,,Cumberland
/wiki/Georges_River_Council,33°58′S,151°08′E,Georges River
/wiki/City_of_Hawkesbury,33°25′S,150°47′E,Hawkesbury
/wiki/The_Hills_Shire,33°46′S,151°00′E,The Hills
/wiki/Municipality_of_Hunter%27s_Hill,33°49′S,151°08′E,Hunter's Hill
/wiki/Ku-ring-gai_Council,33°45′15″S,151°09′06″E,Ku-ring-gai
/wiki/City_of_Sydney,33°52′S,151°12′E,City of Sydney
